keyword_name,book_id
Relationships,1
Thriller,1
Historical,1
Friendship,1
Coming of age,2
Nature,2
Nature,3
Dystopian,3
Suspense,3
Self-discovery,3
Mystery,4
Adventure,4
Adventure,4
Magic,4
Coming of age,4
Fantasy,5
Thriller,5
Friendship,5
Transformation,5
Dystopian,6
Friendship,7
Magic,7
Self-discovery,7
Time travel,7
War,8
Magic,8
Friendship,9
Love,9
Transformation,9
Time travel,9
Time travel,9
Magic,10
Transformation,10
Time travel,10
Nature,10
Dystopian,11
Nature,11
Love,12
Time travel,12
Time travel,12
Love,13
Historical,13
Friendship,13
Coming of age,13
Science Fiction,14
Magic,14
Relationships,14
Dystopian,15
Self-discovery,15
Romance,15
Suspense,15
Dystopian,15
Time travel,16
Science Fiction,16
Nature,16
Mystery,17
Magic,17
Relationships,17
Suspense,17
Dystopian,17
Transformation,18
Romance,18
Dystopian,19
Fantasy,19
Fantasy,20
Fantasy,20
Self-discovery,20
Relationships,20
Romance,20
Coming of age,21
Science Fiction,21
Love,21
War,22
Friendship,23
Relationships,24
Young Adult,24
Historical,25
Nature,25
Magic,26
Suspense,27
Nature,27
Self-discovery,27
Young Adult,28
Love,29
Coming of age,30
Friendship,30
Relationships,30
Nature,30
Romance,30
Historical,31
Love,31
Relationships,31
War,32
Time travel,32
Relationships,32
Magic,32
Magic,33
Coming of age,33
Nature,33
Friendship,33
Coming of age,34
Relationships,35
Suspense,36
Adventure,36
Romance,36
Mystery,36
Dystopian,36
Relationships,37
Mystery,38
Coming of age,39
Magic,39
Adventure,40
Time travel,40
Coming of age,40
Historical,40
Time travel,41
War,41
Dystopian,42
Historical,42
Magic,42
Adventure,43
Mystery,43
Magic,43
Adventure,43
Historical,44
Suspense,44
Magic,45
Suspense,45
Suspense,45
Thriller,45
Relationships,46
Mystery,46
Coming of age,47
Nature,47
Adventure,47
Historical,48
Coming of age,49
Suspense,49
Mystery,50
Science Fiction,50
Dystopian,50
Transformation,50
Self-discovery,50
Coming of age,51
Relationships,51
Fantasy,51
Romance,51
Transformation,52
Relationships,52
Coming of age,52
Historical,53
Magic,53
Time travel,53
Thriller,53
Dystopian,54
Time travel,54
Friendship,54
Dystopian,55
Historical,55
Dystopian,55
Magic,55
Romance,55
Relationships,56
Relationships,56
Romance,57
Friendship,57
Suspense,57
Science Fiction,57
Dystopian,58
Transformation,58
Relationships,58
Time travel,59
Dystopian,59
Transformation,60
Romance,60
Dystopian,60
Transformation,60
Love,61
Self-discovery,61
Dystopian,61
Thriller,61
Romance,61
Friendship,62
Time travel,62
Fantasy,63
Nature,63
Romance,63
Self-discovery,64
Nature,64
Magic,65
Magic,66
Love,66
Friendship,66
Transformation,66
Love,67
Thriller,67
Dystopian,67
Self-discovery,68
Transformation,68
Self-discovery,68
Dystopian,68
Transformation,69
Thriller,69
Romance,69
Young Adult,69
Fantasy,70
Science Fiction,70
Thriller,70
Dystopian,70
War,71
Romance,71
Nature,71
Young Adult,72
Nature,73
Transformation,73
Time travel,74
Mystery,74
Dystopian,74
Young Adult,74
Coming of age,75
Relationships,75
Mystery,75
Time travel,76
War,76
Romance,76
Transformation,77
Young Adult,77
Fantasy,78
Adventure,78
Love,79
Friendship,79
Historical,80
Coming of age,81
Mystery,82
Young Adult,82
Mystery,82
Nature,83
Adventure,83
Fantasy,83
Adventure,84
Dystopian,84
Mystery,84
Nature,84
Thriller,84
Transformation,85
Magic,85
Magic,85
Magic,86
Historical,86
Young Adult,87
Young Adult,87
Coming of age,88
Thriller,88
Time travel,88
Science Fiction,89
Suspense,90
Fantasy,90
Friendship,91
Transformation,92
Thriller,92
Young Adult,92
Dystopian,92
Nature,93
Young Adult,93
Thriller,93
Thriller,93
Magic,93
Romance,94
Suspense,94
Transformation,94
Historical,94
Coming of age,94
Fantasy,95
Transformation,95
Relationships,96
Relationships,96
Nature,96
Love,96
Thriller,97
Magic,97
Magic,98
Adventure,98
Friendship,98
Suspense,98
Magic,99
Magic,99
Love,99
Fantasy,99
Historical,100
Young Adult,100
Transformation,100
